Project,User,Total files changed,Total lines added,Total lines deleted
Arduino-based-Embedded-Web-Server,,,,
,lomassubedi,0,0,0
arduino_serial_matlab_data_plot,,,,
,lomassubedi,0,0,0
auto_git,,,,
,lomassubedi,0,0,0
Door-Lock-System,,,,
,lomassubedi,0,0,0
git_full_automate,,,,
,lomassubedi,0,0,0
Inhibit-Drink-and-Drive,,,,
,lomassubedi,0,0,0
matlab_project_DIP_SDSU,,,,
,lomassubedi,0,0,0
stm32f0_getting_started,,,,
,lomassubedi,0,0,0
test_batch,,,,
,lomassubedi,0,0,0
,rajutieto,0,0,0
,parasmaharjan,0,0,0
walking_stick_aid,,,,
,lomassubedi,0,0,0
